{
  "degree": 2,
  "temperature_mean": 1091.422022330807,
  "temperature_std": 6.377971834703999,
  "residence_time_mean": 0.24719174156828055,
  "residence_time_std": 0.016608510257152667,
  "coefficients": {
    "methane_conversion": [
      0.04599614029484281,
      0.0010264667130826328,
      -0.0010264667130818438,
      0.04599614029484285,
      -0.04599614029484283,
      0.04599614029484282
    ],
    "h2_yield_mol_per_mol_ch4": [
      0.08279305253071706,
      0.0018476400835487497,
      -0.001847640083547331,
      0.08279305253071713,
      -0.0827930525307171,
      0.08279305253071707
    ],
    "carbon_formation_index": [
      0.02169922805896856,
      0.00020529334261628213,
      -0.00020529334261591,
      0.021699228058968567,
      -0.021699228058968564,
      0.021699228058968564
    ]
  },
  "rmse": {
    "methane_conversion": 5.887846720064156e-17,
    "h2_yield_mol_per_mol_ch4": 8.777083671441753e-17,
    "carbon_formation_index": 0.0
  }
}