{
  "format_version": 2,
  "ensemble_size": 7,
  "members": [
    {
      "degree": 2,
      "temperature_mean": 975.0,
      "temperature_std": 80.68715304598786,
      "residence_time_mean": 2.5500000000000016,
      "residence_time_std": 1.5194254987178035,
      "coefficients": {
        "methane_conversion": [
          0.003760098225913865,
          0.024348294289592315,
          0.009251774778639532,
          0.01959229528493673,
          0.0143535336338391,
          -0.0023228208831033896
        ],
        "h2_yield_mol_per_mol_ch4": [
          0.002909726321604902,
          0.03348883944464235,
          0.01301621631825779,
          0.02836659057256014,
          0.02096211245657619,
          -0.0029494379928879954
        ],
        "carbon_formation_index": [
          0.0005579511258358858,
          0.006457007923633896,
          0.0025124552825099814,
          0.0054731258420232035,
          0.004049665015394388,
          -0.0005689583762754557
        ]
      },
      "rmse": {
        "methane_conversion": 0.016056195338059524,
        "h2_yield_mol_per_mol_ch4": 0.024393528101816327,
        "carbon_formation_index": 0.0046631580061588344
      }
    },
    {
      "degree": 2,
      "temperature_mean": 975.0,
      "temperature_std": 80.68715304598786,
      "residence_time_mean": 2.5500000000000016,
      "residence_time_std": 1.5194254987178035,
      "coefficients": {
        "methane_conversion": [
          -0.00039781861957499426,
          0.027201214008617372,
          0.01098833980446593,
          0.022606686589295613,
          0.01707925111469885,
          0.0008174253652502363
        ],
        "h2_yield_mol_per_mol_ch4": [
          -0.0031028931125096086,
          0.03766424054597704,
          0.015743092529961568,
          0.032822626654064546,
          0.025255828450390316,
          0.0015795766049391633
        ],
        "carbon_formation_index": [
          -0.0005768869995455299,
          0.007230410385594969,
          0.003022141686111991,
          0.006299173471880751,
          0.004844915933396405,
          0.00028672934319984327
        ]
      },
      "rmse": {
        "methane_conversion": 0.015071764339231413,
        "h2_yield_mol_per_mol_ch4": 0.022907140923449292,
        "carbon_formation_index": 0.0043861344169517456
      }
    },
    {
      "degree": 2,
      "temperature_mean": 975.0,
      "temperature_std": 80.68715304598786,
      "residence_time_mean": 2.5500000000000016,
      "residence_time_std": 1.5194254987178035,
      "coefficients": {
        "methane_conversion": [
          0.0029041716299303966,
          0.028667077687428003,
          0.013994144823387292,
          0.02390135445442179,
          0.017487086739193622,
          -0.0034434801547628805
        ],
        "h2_yield_mol_per_mol_ch4": [
          0.0017901741483181328,
          0.040175951648698145,
          0.020096782250735083,
          0.034971545466204984,
          0.025605368800062745,
          -0.004771813652532392
        ],
        "carbon_formation_index": [
          0.0003693638643503518,
          0.007729379324794722,
          0.0038559919414640704,
          0.006726074522120847,
          0.004907761293960414,
          -0.0009382067171238676
        ]
      },
      "rmse": {
        "methane_conversion": 0.015245412570019944,
        "h2_yield_mol_per_mol_ch4": 0.023128643325786524,
        "carbon_formation_index": 0.0044265111991557814
      }
    },
    {
      "degree": 2,
      "temperature_mean": 975.0,
      "temperature_std": 80.68715304598786,
      "residence_time_mean": 2.5500000000000016,
      "residence_time_std": 1.5194254987178035,
      "coefficients": {
        "methane_conversion": [
          0.0008513740858501441,
          0.029536875729537577,
          0.013459676322693294,
          0.02465876166034685,
          0.014051356809873749,
          -0.004096992681825465
        ],
        "h2_yield_mol_per_mol_ch4": [
          -0.0012747215393418229,
          0.041359813116064625,
          0.019521182153725992,
          0.036090740993952694,
          0.02055365713945122,
          -0.0058700667158056415
        ],
        "carbon_formation_index": [
          -0.00023603737952720055,
          0.007972697573866748,
          0.00375229974509768,
          0.006960651175110612,
          0.003947513597318367,
          -0.001142420710393435
        ]
      },
      "rmse": {
        "methane_conversion": 0.015401642604721988,
        "h2_yield_mol_per_mol_ch4": 0.02342588080256878,
        "carbon_formation_index": 0.004487897105172193
      }
    },
    {
      "degree": 2,
      "temperature_mean": 975.0,
      "temperature_std": 80.68715304598786,
      "residence_time_mean": 2.5500000000000016,
      "residence_time_std": 1.5194254987178035,
      "coefficients": {
        "methane_conversion": [
          0.0010018128804227958,
          0.027788370425639055,
          0.014668324190316282,
          0.021167786152462693,
          0.0183631219765059,
          0.0014078691847301545
        ],
        "h2_yield_mol_per_mol_ch4": [
          -0.0011154747041157767,
          0.038707384063304866,
          0.02123944278098682,
          0.03073804194270332,
          0.027041016939528727,
          0.002626557584963959
        ],
        "carbon_formation_index": [
          -0.00019426984807059932,
          0.007452932268251916,
          0.004078936670137998,
          0.005920036703079532,
          0.00519089825314743,
          0.00048039548845109467
        ]
      },
      "rmse": {
        "methane_conversion": 0.015399913538535927,
        "h2_yield_mol_per_mol_ch4": 0.023379821076822065,
        "carbon_formation_index": 0.0044732054738572625
      }
    },
    {
      "degree": 2,
      "temperature_mean": 975.0,
      "temperature_std": 80.68715304598786,
      "residence_time_mean": 2.5500000000000016,
      "residence_time_std": 1.5194254987178035,
      "coefficients": {
        "methane_conversion": [
          -0.0017567621025751908,
          0.02733798585698703,
          0.010972803022361425,
          0.02551491115437031,
          0.0150941092660719,
          -0.0020966611946016383
        ],
        "h2_yield_mol_per_mol_ch4": [
          -0.005228356701858634,
          0.03794330540874531,
          0.015756776838157082,
          0.037283542698021144,
          0.022247083847698162,
          -0.002818089767719236
        ],
        "carbon_formation_index": [
          -0.001006657496572154,
          0.007310157885280761,
          0.0030348395344827776,
          0.007193118072955729,
          0.00428267021579925,
          -0.000557401437457479
        ]
      },
      "rmse": {
        "methane_conversion": 0.015249172808853883,
        "h2_yield_mol_per_mol_ch4": 0.023165762218563406,
        "carbon_formation_index": 0.004437391723684376
      }
    },
    {
      "degree": 2,
      "temperature_mean": 975.0,
      "temperature_std": 80.68715304598786,
      "residence_time_mean": 2.5500000000000016,
      "residence_time_std": 1.5194254987178035,
      "coefficients": {
        "methane_conversion": [
          -0.002360574029973217,
          0.030622020027176244,
          0.013789480790550087,
          0.023632798129744614,
          0.015200635570800819,
          -0.0014486170155694291
        ],
        "h2_yield_mol_per_mol_ch4": [
          -0.006135845480319656,
          0.04296318054647888,
          0.019973875341112047,
          0.03442995157079343,
          0.02236091484604671,
          -0.0018181051318602
        ],
        "carbon_formation_index": [
          -0.0011423558706933686,
          0.008264466216352323,
          0.0038348400320201365,
          0.006620469033476187,
          0.004293758607084557,
          -0.0003777457093292632
        ]
      },
      "rmse": {
        "methane_conversion": 0.015296479962558713,