{
  "format_version": 2,
  "ensemble_size": 7,
  "members": [
    {
      "degree": 2,
      "temperature_mean": 1091.422022330807,
      "temperature_std": 6.377971834703999,
      "residence_time_mean": 0.24719174156828055,
      "residence_time_std": 0.016608510257152667,
      "coefficients": {
        "methane_conversion": [
          0.04599614029484281,
          0.0010264667130826328,
          -0.0010264667130818438,
          0.04599614029484285,
          -0.04599614029484283,
          0.04599614029484282
        ],
        "h2_yield_mol_per_mol_ch4": [
          0.08279305253071706,
          0.0018476400835487497,
          -0.001847640083547331,
          0.08279305253071713,
          -0.0827930525307171,
          0.08279305253071707
        ],
        "carbon_formation_index": [
          0.02169922805896856,
          0.00020529334261628213,
          -0.00020529334261591,
          0.021699228058968567,
          -0.021699228058968564,
          0.021699228058968564
        ]
      },
      "rmse": {
        "methane_conversion": 5.887846720064156e-17,
        "h2_yield_mol_per_mol_ch4": 8.777083671441753e-17,
        "carbon_formation_index": 0.0
      }
    },
    {
      "degree": 2,
      "temperature_mean": 1091.422022330807,
      "temperature_std": 6.377971834703999,
      "residence_time_mean": 0.24719174156828055,
      "residence_time_std": 0.016608510257152667,
      "coefficients": {
        "methane_conversion": [
          0.04599614029484283,
          0.0010264667130826194,
          -0.0010264667130818429,
          0.04599614029484285,
          -0.04599614029484282,
          0.04599614029484281
        ],
        "h2_yield_mol_per_mol_ch4": [
          0.08279305253071703,
          0.0018476400835487122,
          -0.0018476400835473134,
          0.0827930525307171,
          -0.08279305253071706,
          0.08279305253071703
        ],
        "carbon_formation_index": [
          0.02169922805896856,
          0.00020529334261627772,
          -0.00020529334261591437,
          0.021699228058968564,
          -0.021699228058968557,
          0.021699228058968553
        ]
      },
      "rmse": {
        "methane_conversion": 3.925231146709438e-17,
        "h2_yield_mol_per_mol_ch4": 5.551115123125783e-17,
        "carbon_formation_index": 2.1942709178604383e-17
      }
    },
    {
      "degree": 2,
      "temperature_mean": 1091.422022330807,
      "temperature_std": 6.377971834703999,
      "residence_time_mean": 0.24719174156828055,
      "residence_time_std": 0.016608510257152667,
      "coefficients": {
        "methane_conversion": [
          0.04599614029484281,
          0.0010264667130826328,
          -0.0010264667130818438,
          0.04599614029484285,
          -0.04599614029484283,
          0.04599614029484282
        ],
        "h2_yield_mol_per_mol_ch4": [
          0.08279305253071706,
          0.0018476400835487497,
          -0.001847640083547331,
          0.08279305253071713,
          -0.0827930525307171,
          0.08279305253071707
        ],
        "carbon_formation_index": [
          0.02169922805896856,
          0.00020529334261628213,
          -0.00020529334261591,
          0.021699228058968567,
          -0.021699228058968564,
          0.021699228058968564
        ]
      },
      "rmse": {
        "methane_conversion": 5.887846720064156e-17,
        "h2_yield_mol_per_mol_ch4": 8.777083671441753e-17,
        "carbon_formation_index": 0.0
      }
    },
    {
      "degree": 2,
      "temperature_mean": 1091.422022330807,
      "temperature_std": 6.377971834703999,
      "residence_time_mean": 0.24719174156828055,
      "residence_time_std": 0.016608510257152667,
      "coefficients": {
        "methane_conversion": [
          0.04599614029484281,
          0.0010264667130826328,
          -0.0010264667130818438,
          0.04599614029484285,
          -0.04599614029484283,
          0.04599614029484282
        ],
        "h2_yield_mol_per_mol_ch4": [
          0.08279305253071706,
          0.0018476400835487497,
          -0.001847640083547331,
          0.08279305253071713,
          -0.0827930525307171,
          0.08279305253071707
        ],
        "carbon_formation_index": [
          0.02169922805896856,
          0.00020529334261628213,
          -0.00020529334261591,
          0.021699228058968567,
          -0.021699228058968564,
          0.021699228058968564
        ]
      },
      "rmse": {
        "methane_conversion": 5.887846720064156e-17,
        "h2_yield_mol_per_mol_ch4": 8.777083671441753e-17,
        "carbon_formation_index": 0.0
      }
    },
    {
      "degree": 2,
      "temperature_mean": 1091.422022330807,
      "temperature_std": 6.377971834703999,
      "residence_time_mean": 0.24719174156828055,
      "residence_time_std": 0.016608510257152667,
      "coefficients": {
        "methane_conversion": [
          0.030321937958868127,
          -0.03032193795886759,
          0.030321937958868103,
          0.03032193795886705,
          -0.030321937958867562,
          0.03032193795886808
        ],
        "h2_yield_mol_per_mol_ch4": [
          0.05457948832596262,
          -0.054579488325961656,
          0.05457948832596258,
          0.05457948832596068,
          -0.0545794883259616,
          0.05457948832596254
        ],
        "carbon_formation_index": [
          0.014397720925107162,
          -0.014397720925106907,
          0.014397720925107152,
          0.01439772092510665,
          -0.014397720925106895,
          0.014397720925107141
        ]
      },
      "rmse": {
        "methane_conversion": 0.08866667809166502,
        "h2_yield_mol_per_mol_ch4": 0.15960002056499709,
        "carbon_formation_index": 0.04130356165788429
      }
    },
    {
      "degree": 2,
      "temperature_mean": 1091.422022330807,
      "temperature_std": 6.377971834703999,
      "residence_time_mean": 0.24719174156828055,
      "residence_time_std": 0.016608510257152667,
      "coefficients": {
        "methane_conversion": [
          0.031006249100922284,
          0.031006249100922832,
          -0.03100624910092231,
          0.031006249100923384,
          -0.031006249100922853,
          0.031006249100922333
        ],
        "h2_yield_mol_per_mol_ch4": [
          0.05581124838166012,
          0.055811248381661106,
          -0.05581124838166016,
          0.0558112483816621,
          -0.05581124838166115,
          0.055811248381660204
        ],
        "carbon_formation_index": [
          0.014534583153517583,
          0.014534583153517838,
          -0.014534583153517593,
          0.014534583153518096,
          -0.014534583153517848,
          0.014534583153517603
        ]
      },
      "rmse": {
        "methane_conversion": 0.08479562969975456,
        "h2_yield_mol_per_mol_ch4": 0.15263213345955817,
        "carbon_formation_index": 0.040529351979502796
      }
    },
    {
      "degree": 2,
      "temperature_mean": 1091.422022330807,
      "temperature_std": 6.377971834703999,
      "residence_time_mean": 0.24719174156828055,
      "residence_time_std": 0.016608510257152667,
      "coefficients": {
        "methane_conversion": [
          0.031006249100922284,
          0.031006249100922832,
          -0.03100624910092231,
          0.031006249100923384,
          -0.031006249100922853,
          0.031006249100922333
        ],
        "h2_yield_mol_per_mol_ch4": [
          0.05581124838166012,
          0.055811248381661106,
          -0.05581124838166016,
          0.0558112483816621,
          -0.05581124838166115,
          0.055811248381660204
        ],
        "carbon_formation_index": [
          0.014534583153517583,
          0.014534583153517838,
          -0.014534583153517593,
          0.014534583153518096,
          -0.014534583153517848,
          0.014534583153517603
        ]
      },
      "rmse": {
        "methane_conversion": 0.08479562969975456,