{
  "format_version": 2,
  "ensemble_size": 7,
  "members": [
    {
      "degree": 2,
      "temperature_mean": 975.0,
      "temperature_std": 102.06207261596575,
      "residence_time_mean": 2.5500000000000003,
      "residence_time_std": 2.000416623272929,
      "coefficients": {
        "methane_conversion": [
          0.025531592294471914,
          0.022537538911374354,
          0.00251052937530096,
          0.0014072189941445907,
          0.016917853713788674,
          -0.014893445022601166
        ],
        "h2_yield_mol_per_mol_ch4": [
          0.03623651197368667,
          0.03088263949641538,
          0.0025597900288012497,
          0.0010716796881805797,
          0.024103247884645743,
          -0.022026454333188693
        ],
        "carbon_formation_index": [
          0.007032937413308871,
          0.005991384667478667,
          0.00047874537462251946,
          0.00020648554044375454,
          0.004676691402060422,
          -0.004288896291128148
        ]
      },
      "rmse": {
        "methane_conversion": 0.016965206930632068,
        "h2_yield_mol_per_mol_ch4": 0.0254225328001548,
        "carbon_formation_index": 0.004953830404351566
      }
    },
    {
      "degree": 2,
      "temperature_mean": 975.0,
      "temperature_std": 102.06207261596575,
      "residence_time_mean": 2.5500000000000003,
      "residence_time_std": 2.000416623272929,
      "coefficients": {
        "methane_conversion": [
          0.003229636070731971,
          0.022537538911374347,
          0.006523874058946558,
          0.016275189809971193,
          0.016917853713788657,
          -0.011616562810320074
        ],
        "h2_yield_mol_per_mol_ch4": [
          0.002734642157837662,
          0.030882639496415367,
          0.009950591043656042,
          0.023406259565413215,
          0.02410324788464574,
          -0.015991890574242603
        ],
        "carbon_formation_index": [
          0.0005209785589409482,
          0.005991384667478665,
          0.0019452258053459404,
          0.004547791443355697,
          0.004676691402060419,
          -0.00309152003344506
        ]
      },
      "rmse": {
        "methane_conversion": 0.014404558479645129,
        "h2_yield_mol_per_mol_ch4": 0.02016942088480747,
        "carbon_formation_index": 0.0039008662464339945
      }
    },
    {
      "degree": 2,
      "temperature_mean": 975.0,
      "temperature_std": 102.06207261596575,
      "residence_time_mean": 2.5500000000000003,
      "residence_time_std": 2.000416623272929,
      "coefficients": {
        "methane_conversion": [
          0.003229636070731965,
          0.022537538911374354,
          0.002510529375300967,
          0.016275189809971193,
          0.0086036473225242,
          -2.5474206774561595e-05
        ],
        "h2_yield_mol_per_mol_ch4": [
          0.002734642157837648,
          0.030882639496415388,
          0.0025597900288012706,
          0.02340625956541323,
          0.013837795525305218,
          0.00030812554404396805
        ],
        "carbon_formation_index": [
          0.0005209785589409511,
          0.005991384667478666,
          0.0004787453746225232,
          0.004547791443355696,
          0.002730138014514651,
          5.240961178379008e-05
        ]
      },
      "rmse": {
        "methane_conversion": 0.012489882724754398,
        "h2_yield_mol_per_mol_ch4": 0.01830034920436919,
        "carbon_formation_index": 0.0035537372274245136
      }
    },
    {
      "degree": 2,
      "temperature_mean": 975.0,
      "temperature_std": 102.06207261596575,
      "residence_time_mean": 2.5500000000000003,
      "residence_time_std": 2.000416623272929,
      "coefficients": {
        "methane_conversion": [
          0.0032296360707319755,
          0.020930265956535063,
          -0.0006727576967164425,
          0.01758752268221508,
          -0.0005747828465256893,
          -0.0026246172171882085
        ],
        "h2_yield_mol_per_mol_ch4": [
          0.002734642157837666,
          0.02915299781085887,
          -0.0012764192743750578,
          0.02481850608790019,
          -0.0010558250375608095,
          -0.0028241262357226477
        ],
        "carbon_formation_index": [
          0.0005209785589409511,
          0.005659103206028872,
          -0.00024995453053418244,
          0.004819098120535121,
          -0.00020722785521036703,
          -0.0005425713692990138
        ]
      },
      "rmse": {
        "methane_conversion": 0.01794303434470911,
        "h2_yield_mol_per_mol_ch4": 0.02622277177579176,
        "carbon_formation_index": 0.005095342309690713
      }
    },
    {
      "degree": 2,
      "temperature_mean": 975.0,
      "temperature_std": 102.06207261596575,
      "residence_time_mean": 2.5500000000000003,
      "residence_time_std": 2.000416623272929,
      "coefficients": {
        "methane_conversion": [
          0.016595496164531435,
          0.017065319958670968,
          0.009806821312238815,
          0.008853965769094958,
          0.01096045629382839,
          -0.00893604760264087
        ],
        "h2_yield_mol_per_mol_ch4": [
          0.02302041928822261,
          0.022789468628236442,
          0.013350684519706531,
          0.012085090259400579,
          0.015292519427669779,
          -0.013215725876212682
        ],
        "carbon_formation_index": [
          0.004459574447596067,
          0.00441552812023577,
          0.0025798874376130455,
          0.002350954678537747,
          0.0029611160915852287,
          -0.002573320980652953
        ]
      },
      "rmse": {
        "methane_conversion": 0.007935474799811488,
        "h2_yield_mol_per_mol_ch4": 0.012154814238962515,
        "carbon_formation_index": 0.0023717670644443824
      }
    },
    {
      "degree": 2,
      "temperature_mean": 975.0,
      "temperature_std": 102.06207261596575,
      "residence_time_mean": 2.5500000000000003,
      "residence_time_std": 2.000416623272929,
      "coefficients": {
        "methane_conversion": [
          0.0032296360707319677,
          0.022537538911374347,
          -0.011685596945736912,
          0.016275189809971204,
          0.03178582452961526,
          -0.011616562810320084
        ],
        "h2_yield_mol_per_mol_ch4": [
          0.0027346421578376716,
          0.030882639496415364,
          -0.017403571115670452,
          0.023406259565413222,
          0.04643782776187838,
          -0.015991890574242638
        ],
        "carbon_formation_index": [
          0.0005209785589409506,
          0.005991384667478666,
          -0.0033717663343874986,
          0.004547791443355699,
          0.009017997304972367,
          -0.0030915200334450644
        ]
      },
      "rmse": {
        "methane_conversion": 0.03250912153593446,
        "h2_yield_mol_per_mol_ch4": 0.047259606834580234,
        "carbon_formation_index": 0.009163992366541694
      }
    },
    {
      "degree": 2,
      "temperature_mean": 975.0,
      "temperature_std": 102.06207261596575,
      "residence_time_mean": 2.5500000000000003,
      "residence_time_std": 2.000416623272929,
      "coefficients": {
        "methane_conversion": [
          0.0032296360707319664,
          0.004328067906690908,
          0.024733345063629952,
          0.0014072189941445946,
          0.002049882897962073,
          0.018119378821333097
        ],
        "h2_yield_mol_per_mol_ch4": [
          0.0027346421578376564,
          0.003528477337088924,
          0.037304753202982446,
          0.0010716796881805864,
          0.0017686680074130976,
          0.028677269180222637
        ],
        "carbon_formation_index": [
          0.0005209785589409493,
          0.000674392527745237,
          0.00726221794507936,
          0.00020648554044375557,
          0.00033538549914848063,
          0.005591091772378816
        ]
      },
      "rmse": {
        "methane_conversion": 0.02964122767187924,